{"cameraMode":{"drawMode":0,"name":"Shaded","section":"Shading Mode"},"sceneLighting":true,"audioPlay":false,"sceneViewState":{"showFog":true,"showMaterialUpdate":false,"showSkybox":true,"showFlares":true,"showImageEffects":true,"showParticleSystems":true},"in2DMode":false,"pivot":{"x":0.13935458660125733,"y":0.7332043647766113,"z":1.013337254524231},"rotation":{"x":0.304122656583786,"y":-0.10095968097448349,"z":0.032273732125759128,"w":0.9467180371284485},"size":2.6612651348114015,"orthographic":false}