{"cameraMode":{"drawMode":0,"name":"Shaded","section":"Shading Mode"},"sceneLighting":true,"audioPlay":false,"sceneViewState":{"showFog":true,"showMaterialUpdate":false,"showSkybox":true,"showFlares":true,"showImageEffects":true,"showParticleSystems":true},"in2DMode":false,"pivot":{"x":-1.3688817024230958,"y":2.0227279663085939,"z":-2.6632802486419679},"rotation":{"x":-0.2688279449939728,"y":-0.35304680466651919,"z":0.10664267092943192,"w":-0.8897846937179565},"size":3.628396511077881,"orthographic":false}