{"cameraMode":{"drawMode":0,"name":"Shaded","section":"Shading Mode"},"sceneLighting":false,"audioPlay":false,"sceneViewState":{"showFog":true,"showMaterialUpdate":false,"showSkybox":true,"showFlares":true,"showImageEffects":true,"showParticleSystems":true},"in2DMode":false,"pivot":{"x":-0.0000518407832714729,"y":0.000012202546713524498,"z":-0.00006585645314771682},"rotation":{"x":0.08119488507509232,"y":-0.7584425210952759,"z":0.09631728380918503,"w":0.6394492983818054},"size":0.00005715767838410102,"orthographic":false}