{"cameraMode":{"drawMode":0,"name":"Shaded","section":"Shading Mode"},"sceneLighting":true,"audioPlay":false,"sceneViewState":{"showFog":true,"showMaterialUpdate":false,"showSkybox":true,"showFlares":true,"showImageEffects":true,"showParticleSystems":true},"in2DMode":false,"pivot":{"x":4.5250325202941898,"y":2.0124971866607668,"z":-3.087200880050659},"rotation":{"x":0.08878972381353378,"y":0.8962840437889099,"z":-0.2088118940591812,"w":0.38103657960891726},"size":5.1022629737854,"orthographic":false}